{"lr": 1.9613655770513682e-06, "data_time": 0.12711355686187745, "grad_norm": 6.253245687484741, "loss": 2.7425509691238403, "decode.loss_ce": 2.7425509691238403, "decode.acc_seg": 72.12562561035156, "time": 0.209738826751709, "epoch": 1, "iter": 50, "memory": 10127, "step": 50}
{"lr": 3.962697798532355e-06, "data_time": 0.07270281314849854, "grad_norm": 6.223688125610352, "loss": 2.483463764190674, "decode.loss_ce": 2.483463764190674, "decode.acc_seg": 99.91416931152344, "time": 0.15505621433258057, "epoch": 1, "iter": 100, "memory": 2337, "step": 100}
