{"lr": 1.9613655770513682e-06, "data_time": 0.0051665067672729496, "grad_norm": 6.635497760772705, "loss": 2.8182311058044434, "decode.loss_ce": 2.8182311058044434, "decode.acc_seg": 32.445526123046875, "time": 0.13002943992614746, "epoch": 1, "iter": 50, "memory": 10431, "step": 50}
